Abacavir|Infectious Diseases|HLA-B|HLA-B*5701 allele carriers|"Boxed Warning, Contraindications, Warnings and Precautions, Patient Counseling Information"
Ado-Trastuzumab Emtansine|Oncology|ERBB2|HER2 protein overexpression or gene amplification positive|"Indications and Usage, Warnings and Precautions, Adverse Reactions, Clinical Pharmacology, Clinical Studies"
Afatinib|Oncology|EGFR|EGFR exon 19 deletion or exon 21 substitution (L858R) mutation positive|"Indications and Usage, Dosage and Administration, Adverse Reactions, Clinical Pharmacology, Clinical Studies, Patient Counseling Information"
Amitriptyline|Psychiatry|CYP2D6|CYP2D6 poor metabolizers|Precautions
Anastrozole|Oncology|"ESR1, PGR"|Hormone receptor positive|"Indications and Usage, Clinical Pharmacology, Clinical Studies"
Aripiprazole|Psychiatry|CYP2D6|CYP2D6 poor metabolizers|"Clinical Pharmacology, Dosage and Administration"
Arsenic Trioxide|Oncology|PML/RARA|PML/RAR? (t(15;17)) gene expression positive|"Boxed Warning, Clinical Pharmacology, Indications and Usage, Warnings"
Atomoxetine|Psychiatry|CYP2D6|CYP2D6 poor metabolizers|"Dosage and Administration, Warnings and Precautions, Drug Interactions, Clinical Pharmacology"
Atorvastatin|Endocrinology|LDLR|Homozygous familial hypercholesterolemia|"Indications and Usage, Dosage and Administration, Warnings and Precautions, Clinical Pharmacology, Clinical Studies"
Azathioprine|Rheumatology|TPMT|TPMT intermediate or poor metabolizers|"Dosage and Administration, Warnings and Precautions, Drug Interactions, Adverse Reactions, Clinical Pharmacology"
Belimumab|Autoimmune Diseases|BAFF/TNFSF13B|CD257 positive|"Clinical Pharmacology, Clinical Studies"
Boceprevir|Infectious Diseases|IFNL3|IL28B rs12979860 T allele carriers|Clinical Pharmacology
Bosutinib|Oncology|BCR/ABL1|Philadelphia chromosome (t(9;22)) positive|"Indications and Usage, Adverse Reactions, Clinical Studies"
Brentuximab Vedotin|Oncology|TNFRSF8|CD30 positive|"Indications and Usage, Description, Clinical Pharmacology"
Busulfan|Oncology|Ph Chromosome|Ph Chromosome negative|Clinical Studies
Capecitabine|Oncology|DPYD|DPD deficient|"Contraindications, Warnings and Precautions, Patient Information"
Carbamazepine|Neurology|HLA-B|HLA-B*1502 allele carriers|"Boxed Warning, Warnings and Precautions"
Carbamazepine|Neurology|HLA-A|HLA-A*3101 allele carriers|"Boxed Warning, Warnings and Precautions"
Carglumic Acid|Metabolic Disorders|NAGS|N-acetylglutamate synthase deficiency|"Indications and Usage, Warnings and Precautions, Special Populations, Clinical Pharmacology, Clinical Studies"
Carisoprodol|Rheumatology|CYP2C19|CYP2C19 poor metabolizers|"Clinical Pharmacology, Special Populations"
Carvedilol|Cardiology|CYP2D6|CYP2D6 poor metabolizers|"Drug Interactions, Clinical Pharmacology"
Celecoxib|Rheumatology|CYP2C9|CYP2C9 poor metabolizers|"Dosage and Administration, Drug Interactions, Use in Specific Populations, Clinical Pharmacology"
Cetuximab|Oncology|EGFR|EGFR protein expression positive|"Indications and Usage, Warnings and Precautions, Description, Clinical Pharmacology, Clinical Studies"
Cetuximab|Oncology|KRAS|KRAS codon 12 and 13 mutation negative|"Indications and Usage, Dosage and Administration, Warnings and Precautions, Adverse Reactions, Clinical Pharmacology, Clinical Studies"
Cevimeline|Dermatology|CYP2D6|CYP2D6 poor metabolizers|Drug Interactions
Chloroquine|Infectious Diseases|G6PD|G6PD deficient|Precautions
Chlorpropamide|Endocrinology|G6PD|G6PD deficient|Precautions
Cisplatin|Oncology|TPMT|TPMT intermediate or poor metabolizers|"Clinical Pharmacology, Warnings, Precautions"
Citalopram|Psychiatry|CYP2C19|CYP2C19 poor metabolizers|"Drug Interactions, Warnings"
Citalopram|Psychiatry|CYP2D6|CYP2D6 poor metabolizers|Drug Interactions
Clobazam|Neurology|CYP2C19|CYP2C19 poor metabolizers|"Clinical Pharmacology, Dosage and Administration, Use in Specific Populations"
Clomipramine|Psychiatry|CYP2D6|CYP2D6 poor metabolizers|Drug Interactions
Clopidogrel|Cardiology|CYP2C19|CYP2C19 intermediate or poor metabolizers|"Boxed Warning, Dosage and Administration, Warnings and Precautions, Drug Interactions, Clinical Pharmacology"
Clozapine|Psychiatry|CYP2D6|CYP2D6 poor metabolizers|"Drug Interactions, Clinical Pharmacology"
Codeine|Anesthesiology|CYP2D6|CYP2D6 poor metabolizers|"Warnings and Precautions, Use in Specific Populations, Clinical Pharmacology"
Crizotinib|Oncology|ALK|ALK gene rearrangement positive|"Indications and Usage, Dosage and Administration, Drug Interactions, Warnings and Precautions, Adverse Reactions, Clinical Pharmacology, Clinical Studies"
Dabrafenib|Oncology|BRAF|BRAF V600E mutation positive|"Indications and Usage, Dosage and Administration, Warnings and Precautions, Clinical Pharmacology, Clinical Studies, Patient Counseling Information"
Dabrafenib|Oncology|G6PD|G6PD deficient|"Warnings and Precautions, Adverse Reactions, Patient Counseling Information"
Dapsone|Dermatology|G6PD|G6PD deficient|"Indications and Usage, Precautions, Adverse Reactions, Patient Counseling Information"
Dapsone|Infectious Diseases|G6PD|G6PD deficient|"Precautions, Adverse Reactions, Overdosage"
Dasatinib|Oncology|BCR/ABL1|Philadelphia chromosome (t(9;22)) positive; T315I mutation-positive|"Indications and Usage, Clinical Studies, Patient Counseling Information"
Denileukin Diftitox|Oncology|IL2RA|CD25 antigen positive|"Indications and Usage, Warnings and Precautions, Clinical Studies"
Desipramine|Psychiatry|CYP2D6|CYP2D6 poor metabolizers|Drug Interactions
Dexlansoprazole|Gastroenterology|CYP2C19|CYP2C19 poor metabolizers|"Clinical Pharmacology, Drug Interactions"
Dexlansoprazole|Gastroenterology|CYP1A2|CYP1A2 genotypes|Clinical Pharmacology
Dextromethorphan and Quinidine|Neurology|CYP2D6|CYP2D6 poor metabolizers|"Clinical Pharmacology, Warnings and Precautions, Drug Interactions"
Diazepam|Psychiatry|CYP2C19|CYP2C19 poor metabolizers|"Drug Interactions, Clinical Pharmacology"
Doxepin|Psychiatry|CYP2D6|CYP2D6 poor metabolizers|Precautions
Drospirenone and Ethinyl Estradiol|Neurology|CYP2C19|CYP2C19 poor metabolizers|"Clinical Pharmacology, Warnings and Precautions, Drug Interactions"
Eltrombopag|Hematology|F5|Factor V Leiden carriers|Warnings and Precautions
Eltrombopag|Hematology|SERPINC1|Antithrombin III deficient|Warnings and Precautions
Erlotinib|Oncology|EGFR|EGFR protein expression positive|Clinical Pharmacology
Erlotinib|Oncology|EGFR|EGFR exon 19 deletion or exon 21 substitution (L858R) positive|"Indications and Usage, Dosage and Administration, Clinical Pharmacology, Clinical Studies"
Esomeprazole|Gastroenterology|CYP2C19|CYP2C19 poor metabolizers|"Drug Interactions, Clinical Pharmacology"
Everolimus|Oncology|ERBB2|HER2 protein overexpression negative|"Indications and Usage, Boxed Warning, Adverse Reactions, Use in Specific Populations, Clinical Pharmacology, Clinical Studies"
Everolimus|Oncology|ESR1|Estrogen receptor positive|"Clinical Pharmacology, Clinical Studies"
Exemestane|Oncology|ESR1|Estrogen receptor positive|"Indications and Usage, Dosage and Administration, Clinical Studies, Clinical Pharmacology"
Fluorouracil|Dermatology|DPYD|DPD deficient|"Contraindications, Warnings, Patient Information"
Fluorouracil|Oncology|DPYD|DPD deficient|Warnings
Fluoxetine|Psychiatry|CYP2D6|CYP2D6 poor metabolizers|"Warnings, Precautions, Clinical Pharmacology"
Flurbiprofen|Rheumatology|CYP2C9|CYP2C9 poor metabolizers|"Clinical Pharmacology, Special Populations"
Fluvoxamine|Psychiatry|CYP2D6|CYP2D6 poor metabolizers|Drug Interactions
Fulvestrant|Oncology|ESR1|Estrogen receptor positive|"Indications and Usage, Clinical Pharmacology, Clinical Studies, Patient Counseling Information"
Galantamine|Neurology|CYP2D6|CYP2D6 poor metabolizers|Special Populations
Glimepiride|Endocrinology|G6PD|G6PD deficient|Warning and Precautions
Glipizide|Endocrinology|G6PD|G6PD deficient|Precautions
Glyburide|Endocrinology|G6PD|G6PD deficient|Precautions
Ibritumomab Tiuxetan|Oncology|MS4A1|CD20 positive|"Indications and Usage, Clinical Pharmacology, Description"
Iloperidone|Psychiatry|CYP2D6|CYP2D6 poor metabolizers|"Clinical Pharmacology, Dosage and Administration, Drug Interactions, Specific Populations, Warnings and Precautions"
Imatinib|Oncology|KIT|c-KIT D816V mutation negative|"Indications and Usage, Dosage and Administration Clinical Pharmacology, Clinical Studies"
Imatinib|Oncology|BCR/ABL1|Philadelphia chromosome (t(9;22)) positive|"Indications and Usage, Dosage and Administration, Clinical Pharmacology, Clinical Studies"
Imatinib|Oncology|PDGFRB|PDGFR gene rearrangement positive|"Indications and Usage, Dosage and Administration, Clincal Studies"
Imatinib|Oncology|FIP1L1/PDGFRA|FIP1L1/PDGFR? fusion kinase (or CHIC2 deletion) positive|"Indications and Usage, Dosage and Administration, Clinical Studies"
Imipramine|Psychiatry|CYP2D6|CYP2D6 poor metabolizers|Drug Interactions
Indacaterol|Pulmonary|UGT1A1|UGT1A1 *28 allele homozygotes|Clinical Pharmacology
Irinotecan|Oncology|UGT1A1|UGT1A1*28 allele carriers|"Dosage and Administration, Warnings, Clinical Pharmacology"
Isosorbide and Hydralazine|Cardiology|NAT1-2|Slow acetylators|Clinical Pharmacology
Ivacaftor|Pulmonary|CFTR|"CFTR G551D, G1244E, G1349D, G178R, G551S, S1251N, S1255P, S549N, or S549R carriers"|"Indications and Usage, Adverse Reactions, Use in Specific Populations, Clinical Pharmacology, Clinical Studies"
Lansoprazole|Gastroenterology|CYP2C19|CYP2C19 poor metabolizer|"Drug Interactions, Clinical Pharmacology"
Lapatinib|Oncology|ERBB2|HER2 protein overexpression positive|"Indications and Usage, Clinical Pharmacology, Patient Counseling Information"
Lenalidomide|Hematology|del (5q)|Chromosome 5q deletion|"Boxed Warning, Indications and Usage, Clinical Studies, Patient Counseling"
Letrozole|Oncology|"ESR1, PGR"|Hormone receptor positive|"Indications and Usage, Adverse Reactions, Clinical Studies, Clinical Pharmacology"
Lomitapide|Endocrinology|LDLR|Homozygous familial hypercholesterolemia and LDL receptor mutation deficient|"Indication and Usage, Adverse Reactions, Clinical Studies"
Mafenide|Infectious Diseases|G6PD|G6PD deficient|"Warnings, Adverse Reactions"
Maraviroc|Infectious Diseases|CCR5|CCR5 positive|"Indications and Usage, Warnings and Precautions, Clinical Pharmacology, Clinical Studies, Patient Counseling Information"
Mercaptopurine|Oncology|TPMT|TPMT intermediate or poor metabolizers|"Dosage and Administration, Contraindications, Precautions, Adverse Reactions, Clinical Pharmacology"
Methylene Blue|Hematology|G6PD|G6PD deficient|Precautions
Metoclopramide|Gastroentrology|CYB5R1-4|NADH cytochrome b5 reductase deficient|Precautions
Metoprolol|Cardiology|CYP2D6|CYP2D6 poor metabolizers|"Precautions, Clinical Pharmacology"
Mipomersen|Endocrinology|LDLR|Homozygous familial hypercholesterolemia and LDL receptor mutation deficient|"Indication and Usage, Clinical Studies, Use in Specific Populations"
Modafinil|Psychiatry|CYP2D6|CYP2D6 poor metabolizers|Drug Interactions
Mycophenolic Acid|Transplantation|HPRT1|HGPRT deficient|Precautions
Nalidixic Acid|Infectious Diseases|G6PD|G6PD deficient|"Precautions, Adverse Reactions"
Nefazodone|Psychiatry|CYP2D6|CYP2D6 poor metabolizers|Drug Interactions
Nilotinib|Oncology|BCR/ABL1|Philadelphia chromosome (t(9 :22)) positive|"Indications and Usage, Patient Counseling Information"
Nilotinib|Oncology|UGT1A1|UGT1A1*28 allele homozygotes|"Warnings and Precautions, Clinical Pharmacology"
Nitrofurantoin|Infectious Diseases|G6PD|G6PD deficient|"Warnings, Adverse Reactions"
Nortriptyline|Psychiatry|CYP2D6|CYP2D6 poor metabolizers|Drug Interactions
Ofatumumab|Oncology|MS4A1|CD20 positive|"Indications and Usage, Clinical Pharmacology"
Omacetaxine|Oncology|BCR/ABL1|BCR-ABL T315I|Clinical Pharmacology
Omeprazole|Gastroenterology|CYP2C19|CYP2C19 poor metabolizers|"Dosage and Administration, Warnings and Precautions, Drug Interactions"
Panitumumab|Oncology|EGFR|EGFR protein expression positive|"Indications and Usage, Warnings and Precautions, Clinical Pharmacology, Clinical Studies"
Panitumumab|Oncology|KRAS|KRAS codon 12 and 13 mutation negative|"Indications and Usage, Clinical Pharmacology, Clinical Studies"
Pantoprazole|Gastroenterology|CYP2C19|CYP2C19 poor metabolizers|"Clinical Pharmacology, Drug Interactions, Special Populations"
Paroxetine|Psychiatry|CYP2D6|CYP2D6 poor metabolizers|"Clinical Pharmacology, Drug Interactions"
Pazopanib|Oncology|UGT1A1|(TA)7/(TA)7 genotype (UGT1A1*28/*28)|"Clinical Pharmacology, Warnings and Precautions"
PEG-3350 AND Sodium Sulfate AND Sodium Chloride AND Potassium Chloride AND Sodium Ascorbate AND Ascorbic Acid|Gastroenterology|G6PD|G6PD deficient|Warnings and Precautions
Peginterferon alfa-2b|Infectious Diseases|IFNL3|IL28B rs12979860 T allele carriers|Clinical Pharmacology
Pegloticase|Rheumatology|G6PD|G6PD deficient|"Contraindications, Patient Counseling Information"
Perphenazine|Psychiatry|CYP2D6|CYP2D6 poor metabolizers|"Clinical Pharmacology, Drug Interactions"
Pertuzumab|Oncology|ERBB2|HER2 protein overexpression positive|"Indications and Usage, Warnings and Precautions, Adverse Reactions, Clinical Studies, Clinical Pharmacology"
Phenytoin|Neurology|HLA-B|HLA-B*1502 allele carriers|Warnings
Pimozide|Psychiatry|CYP2D6|CYP2D6 poor metabolizers|"Warnings, Precautions, Contraindications, Dosage and Administration"
Ponatinib|Oncology|BCR/ABL1|"Philadelphia chromosome (t(9;22)) positive, BCR –ABL T315I mutation"|"Indications and Usage, Warnings and Precautions, Adverse Reactions, Use in Specific Populations, Clinical Pharmacology, Clinical Studies"
Prasugrel|Cardiology|CYP2C19|CYP2C19 poor metabolizers|"Use in Specific Populations, Clinical Pharmacology, Clinical Studies"
Pravastatin|Endocrinology|LDLR|Homozygous familial hypercholesterolemia and LDL receptor deficient|"Clinical Studies, Use in Specific Populations"
Primaquine|Infectious Diseases|G6PD|G6PD deficient|"Warnings and Precautions, Adverse Reactions"
Propafenone|Cardiology|CYP2D6|CYP2D6 poor metabolizers|Clinical Pharmacology
Propranolol|Cardiology|CYP2D6|CYP2D6 poor metabolizers|"Precautions, Drug Interactions, Clinical Pharmacology"
Protriptyline|Psychiatry|CYP2D6|CYP2D6 poor metabolizers|Precautions
Quinidine|Cardiology|CYP2D6|CYP2D6 poor metabolizers|Precautions
Quinine Sulfate|Infectious Diseases|G6PD|G6PD deficient|"Contraindications, Patient Counseling Information"
Rabeprazole|Gastroenterology|CYP2C19|CYP2C19 poor metabolizers|"Drug Interactions, Clinical Pharmacology"
Rasburicase|Oncology|G6PD|G6PD deficient|"Boxed Warning, Contraindications"
"Rifampin, Isoniazid, and Pyrazinamide"|Infectious Diseases|NAT1-2|Slow inactivators|"Adverse Reactions, Clinical Pharmacology"
Risperidone|Psychiatry|CYP2D6|CYP2D6 poor metabolizers|"Drug Interactions, Clinical Pharmacology"
Rituximab|Oncology|MS4A1|CD20 positive|"Indication and Usage, Clinical Pharmacology, Description, Precautions"
Rosuvastatin|Endocrinology|LDLR|Homozygous and Heterozygous familial hypercholesterolemia|"Indications and Usage, Dosage and Administration, Clinical Pharmacology, Clinical Studies"
Sodium Nitrite|Antidotal Therapy|G6PD|G6PD deficient|Warnings and Precautions
Succimer|Hematology|G6PD|G6PD deficient|Clinical Pharmacology
Sulfamethoxazole and Trimethoprim|Infectious Diseases|G6PD|G6PD deficient|Precautions
Tamoxifen|Oncology|"ESR1, PGR"|Hormone receptor positive|"Indications and Usage, Precautions, Medication Guide"
Tamoxifen|Oncology|F5|Factor V Leiden carriers|Warnings
Tamoxifen|Oncology|F2|Prothrombin mutation G20210A|Warnings
Telaprevir|Infectious Diseases|IFNL3|IL28B rs12979860 T allele carriers|Clinical Pharmacology
Terbinafine|Infectious Diseases|CYP2D6|CYP2D6 poor metabolizers|Drug Interactions
Tetrabenazine|Neurology|CYP2D6|CYP2D6 poor metabolizers|"Dosage and Administration, Warnings, Clinical Pharmacology"
Thioguanine|Oncology|TPMT|TPMT poor metabolizer|"Dosage and Administration, Precautions, Warnings"
Thioridazine|Psychiatry|CYP2D6|CYP2D6 poor metabolizers|"Precautions, Warnings, Contraindications"
Ticagrelor|Cardiology|CYP2C19|CYP2C19 poor metabolizers|Clinical Studies
Tolterodine|Urology|CYP2D6|CYP2D6 poor metabolizers|"Clinical Pharmacology, Drug Interactions, Warnings and Precautions"
Tositumomab|Oncology|MS4A1|CD20 antigen positive|"Indications and Usage, Clinical Pharmacology"
Tramadol|Analgesic|CYP2D6|CYP2D6 poor metabolizers|Clinical Pharmacology
Trametinib|Oncology|BRAF|BRAF V600E/K mutation positive|"Indications and Usage, Dosage and Administration, Adverse Reactions, Clinical Pharmacology, Clinical Studies, Patient Counseling Information"
Trastuzumab|Oncology|ERBB2|HER2 protein overexpression positive|"Indications and Usage, Warnings and Precautions, Clinical Pharmacology, Clinical Studies"
Tretinoin|Oncology|PML/RARA|PML/RAR? (t(15;17)) gene expression positive|"Clinical Studies, Indications and Usage, Warnings"
Trimipramine|Psychiatry|CYP2D6|CYP2D6 poor metabolizers|Drug Interactions
Valproic Acid|Neurology|POLG|POLG mutation positive|"Boxed Warning, Contraindications, Warnings and Precautions"
Valproic Acid|Neurology|"NAGS, CPS1, ASS1, OTC, ASL, ABL2"|Urea cycle enzyme deficient|"Contraindications, Warnings and Precautions, Adverse Reactions, Medication Guide"
Velaglucerase Alfa|Metabolic Disorders|GBA|Lysosomal glucocerebrosidase enzyme|"Indication and Usage, Description, Clinical Pharmacology, Clinical Studies"
Vemurafenib|Oncology|BRAF|BRAF V600E mutation positive|"Indications and Usage, Warning and Precautions, Clinical Pharmacology, Clinical Studies, Patient Counseling Information"
Venlafaxine|Psychiatry|CYP2D6|CYP2D6 poor metabolizers|Drug Interactions
Voriconazole|Infectious Diseases|CYP2C19|CYP219 intermediate or poor metabolizers|"Clinical Pharmacology, Drug Interactions"
Warfarin|Cardiology or Hematology|CYP2C9|CYP2C9 intermediate or poor metabolizers|"Dosage and Administration, Drug Interactions, Clinical Pharmacology"
Warfarin|Cardiology or Hematology|VKORC1|VKORC1 rs9923231 A allele carriers|"Dosage and Administration, Clinical Pharmacology"
